id,username,date_joined,company_id
416,nsosabisfsobm,2022-01-02 12:22:43,4
43,NbabnnbTona,2021-07-01 09:11:42,11
50,jbdn,2021-08-04 09:01:56,4
249,Kbaoxsnb,2021-11-27 07:03:35,1
77,bxakbasmo$$$,2021-11-09 14:31:46,11
80,ffbcnbms,2021-11-09 16:22:16,7
81,bdcson,2021-11-10 14:19:29,4
2633,Eabx,2022-04-06 08:52:40,7
93,cbensxxsnb,2021-11-19 20:36:11,8
2777,Jonns21241412,2022-04-18 09:33:09,13
217,fnoxonsnbkbxsnb,2021-11-24 16:05:45,8
218,fbxbnsn,2021-11-24 17:09:58,33
219,Sbjssb,2021-11-24 17:11:49,33
220,Nsobdbs78,2021-11-24 17:25:31,6
222,bdonbksdenonob91,2021-11-24 18:21:45,7
224,ksxbed6,2021-11-24 18:58:10,7
225,NsosabKsfbnnosn,2021-11-24 19:02:50,16
226,bnfm$$$,2021-11-24 19:46:53,23
227,bfsnaon,2021-11-24 23:51:06,6
228,jjf1310,2021-11-25 06:04:59,7
229,csabmmm,2021-11-25 07:07:21,5
231,nskbnfokbn,2021-11-25 09:17:49,2
233,d0dxsf,2021-11-25 13:15:41,5
234,osaonoabaabb,2021-11-25 16:18:46,7
235,DskobAmfos,2021-11-25 16:20:59,8
238,AnfxodKbnkbn,2021-11-26 11:06:40,33
243,idssnnnob,2021-11-26 13:25:16,16
252,axonbaax,2021-11-27 10:58:24,7
253,bnnk,2021-11-27 13:07:35,14
257,SbnfKsna,2021-11-27 22:51:59,7
258,fofiio,2021-11-28 07:21:09,5
260,EdonbKbf1974,2021-11-28 13:21:51,4
263,Bbxbnnbm,2021-11-28 17:00:44,7
265,jboodbasnof,2021-11-29 07:49:18,3
269,jsdsiinsfbxbm,2021-11-29 09:34:59,23
270,$$$bnbdmbdab,2021-11-29 11:36:51,3
271,Oxxso,2021-11-29 12:26:49,14
272,bxbnkbnsnbm,2021-11-29 12:59:35,11
273,obmbdonob,2021-11-29 13:31:51,8
274,obaasb,2021-11-29 15:02:26,5
275,DokbnIT,2021-11-29 17:23:27,10
276,Sdbn1o,2021-11-30 03:46:54,9
278,nnofo,2021-11-30 16:13:38,8
279,oma1971,2021-11-30 17:25:06,4
280,aonibidomsn,2021-11-30 17:52:53,10
282,Dbnbnfxobnb,2021-12-01 12:40:10,1
286,bcfbx,2021-12-02 12:48:06,16
287,Annbnbxb,2021-12-02 13:19:23,6
289,jbxnbf,2021-12-02 18:47:52,6
300,BbxbnnCO,2021-12-03 19:05:39,7
304,kbmxse,2021-12-04 14:24:24,5
308,fksjs,2021-12-05 15:20:27,7
315,ajbcdo2,2021-12-06 13:30:44,14
316,obxsn,2021-12-06 16:36:21,9
320,kbxsbxbxsb,2021-12-08 17:49:16,13
330,coonsdabnbmm,2021-12-11 13:29:56,9
344,xbnaodoo,2021-12-17 08:03:46,33
345,isdbadob,2021-12-17 08:13:05,23
348,mnnososn,2021-12-17 11:15:52,5
351,Hbbisonbbi,2021-12-18 19:55:43,9
352,dbssnisanbn217,2021-12-18 19:56:39,4
353,Gooadoidof,2021-12-18 21:38:17,23
354,nnbeoon,2021-12-18 21:45:16,1
358,,2021-12-20 10:44:45,7
359,bd33k501,2021-12-20 10:47:07,11
360,OTONBAEVAKS,2021-12-20 12:16:29,3
361,Iakbn,2021-12-20 14:29:54,9
381,VsabdssIbosnsn,2021-12-22 10:37:19,10
391,fsonbm,2021-12-24 13:47:54,16
404,jbood0bna,2021-12-26 11:23:17,23
407,osnabnbnbf,2021-12-28 16:59:04,6
408,Rseb,2021-12-29 10:26:28,4
411,oabxeo,2021-12-30 07:24:19,8
413,Pbmodksnn,2021-12-30 11:56:12,3
414,nbabdsbYsboskbmb,2022-01-01 13:24:15,5
422,docjonson,2022-01-04 08:11:17,4
426,Dxfx,2022-01-05 09:49:58,10
441,nbnsabxn,2022-01-08 10:25:55,11
442,Ksxsdd51,2022-01-08 12:45:28,16
444,Asob,2022-01-09 07:50:15,9
446,kbdbno,2022-01-09 16:46:57,2
498,Mbfsksdobn,2022-01-13 11:57:21,16
551,ooxo32,2022-01-16 07:30:51,8
556,fsbkbnaodf,2022-01-16 15:25:40,10
557,GbdosnM,2022-01-16 16:30:54,14
566,Kbaonosbobasb,2022-01-17 03:53:57,11
568,Dsksen,2022-01-17 06:12:27,10
588,ndnoxa,2022-01-18 10:24:53,7
589,OdabKb,2022-01-18 11:03:58,6
656,VRsn,2022-01-21 13:30:35,2
673,Tdban,2022-01-22 05:47:52,23
736,Ksxssnsn93,2022-01-24 07:50:38,5
790,fbxb,2022-01-25 13:43:58,16
839,Bsffabb3,2022-01-26 23:23:19,8
861,KbaxsnDsnom,2022-01-27 17:02:21,8
946,Mbbn$xb$eo,2022-01-29 18:04:23,2
947,,2022-01-29 18:31:26,16
1050,nsosabndsi,2022-02-01 21:02:59,3
1076,SbsdSaobdox,2022-02-02 19:31:21,13
1090,Addb,2022-02-03 13:14:15,23
